13:25 14|03|2023;7123.91
13:30 14|03|2023;7133.06
13:35 14|03|2023;7129.27
13:40 14|03|2023;7140.56
13:45 14|03|2023;7143.81
13:50 14|03|2023;7152.17
13:55 14|03|2023;7146.7
14:00 14|03|2023;7144.28
14:05 14|03|2023;7152.37
14:10 14|03|2023;7144.64
14:15 14|03|2023;7140.27
14:20 14|03|2023;7143.91
14:25 14|03|2023;7157.69
14:30 14|03|2023;7156.98
14:35 14|03|2023;7158.57
14:40 14|03|2023;7155.63
14:45 14|03|2023;7147.26
14:50 14|03|2023;7154.34
14:55 14|03|2023;7144.24
15:00 14|03|2023;7134.29
15:05 14|03|2023;7142.46
15:10 14|03|2023;7144.17
15:15 14|03|2023;7151.56
15:20 14|03|2023;7152.6
15:25 14|03|2023;7158.68
15:30 14|03|2023;7157.68
15:35 14|03|2023;7157.49
15:40 14|03|2023;7159.47
15:45 14|03|2023;7158.65
15:50 14|03|2023;7145.98
15:55 14|03|2023;7153.89
16:00 14|03|2023;7148.57
16:05 14|03|2023;7151.61
16:10 14|03|2023;7148.8
16:15 14|03|2023;7155.26
16:20 14|03|2023;7155.34
16:25 14|03|2023;7143.93
16:30 14|03|2023;7136.58
16:35 14|03|2023;7135.88
16:40 14|03|2023;7141.57
16:45 14|03|2023;7141.57
16:50 14|03|2023;7141.57
16:55 14|03|2023;7141.57
17:00 14|03|2023;7141.57
17:05 14|03|2023;7141.57
17:10 14|03|2023;7141.57
17:15 14|03|2023;7141.57
17:20 14|03|2023;7141.57
17:25 14|03|2023;7141.57
17:30 14|03|2023;7141.57
17:35 14|03|2023;7141.57
17:40 14|03|2023;7141.57
17:45 14|03|2023;7141.57
17:50 14|03|2023;7141.57
17:55 14|03|2023;7141.57
18:00 14|03|2023;7141.57
18:05 14|03|2023;7141.57
18:10 14|03|2023;7141.57
18:15 14|03|2023;7141.57
18:20 14|03|2023;7141.57
18:25 14|03|2023;7141.57
18:30 14|03|2023;7141.57
18:35 14|03|2023;7141.57
18:40 14|03|2023;7141.57
18:45 14|03|2023;7141.57
18:50 14|03|2023;7141.57
18:55 14|03|2023;7141.57
19:00 14|03|2023;7141.57
19:05 14|03|2023;7141.57
19:10 14|03|2023;7141.57
19:15 14|03|2023;7141.57
19:20 14|03|2023;7141.57
19:25 14|03|2023;7141.57
19:30 14|03|2023;7141.57
19:35 14|03|2023;7141.57
19:40 14|03|2023;7141.57
19:45 14|03|2023;7141.57
19:50 14|03|2023;7141.57
19:55 14|03|2023;7141.57
20:00 14|03|2023;7141.57
20:05 14|03|2023;7141.57
20:10 14|03|2023;7141.57
20:15 14|03|2023;7141.57
20:20 14|03|2023;7141.57
20:25 14|03|2023;7141.57
20:30 14|03|2023;7141.57
20:35 14|03|2023;7141.57
20:40 14|03|2023;7141.57
20:45 14|03|2023;7141.57
20:50 14|03|2023;7141.57
20:55 14|03|2023;7141.57
21:00 14|03|2023;7141.57
21:05 14|03|2023;7141.57
21:10 14|03|2023;7141.57
21:15 14|03|2023;7141.57
21:20 14|03|2023;7141.57
21:25 14|03|2023;7141.57
21:30 14|03|2023;7141.57
21:35 14|03|2023;7141.57
21:40 14|03|2023;7141.57
21:45 14|03|2023;7141.57
21:50 14|03|2023;7141.57
21:55 14|03|2023;7141.57
22:00 14|03|2023;7141.57
22:05 14|03|2023;7141.57
22:10 14|03|2023;7141.57
22:15 14|03|2023;7141.57
22:20 14|03|2023;7141.57
22:25 14|03|2023;7141.57
22:30 14|03|2023;7141.57
22:35 14|03|2023;7141.57
22:40 14|03|2023;7141.57
22:45 14|03|2023;7141.57
22:50 14|03|2023;7141.57
22:55 14|03|2023;7141.57
23:00 14|03|2023;7141.57
23:05 14|03|2023;7141.57
23:10 14|03|2023;7141.57
23:15 14|03|2023;7141.57
23:20 14|03|2023;7141.57
23:25 14|03|2023;7141.57
23:30 14|03|2023;7141.57
23:35 14|03|2023;7141.57
23:40 14|03|2023;7141.57
23:45 14|03|2023;7141.57
23:50 14|03|2023;7141.57
23:55 14|03|2023;7141.57
00:00 15|03|2023;7141.57
00:05 15|03|2023;7141.57
00:10 15|03|2023;7141.57
00:15 15|03|2023;7141.57
00:20 15|03|2023;7141.57
00:25 15|03|2023;7141.57
00:30 15|03|2023;7141.57
00:35 15|03|2023;7141.57
00:40 15|03|2023;7141.57
00:45 15|03|2023;7141.57
00:50 15|03|2023;7141.57
00:55 15|03|2023;7141.57
01:00 15|03|2023;7141.57
01:05 15|03|2023;7141.57
01:10 15|03|2023;7141.57
01:15 15|03|2023;7141.57
01:20 15|03|2023;7141.57
01:25 15|03|2023;7141.57
01:30 15|03|2023;7141.57
01:35 15|03|2023;7141.57
01:40 15|03|2023;7141.57
01:45 15|03|2023;7141.57
01:50 15|03|2023;7141.57
01:55 15|03|2023;7141.57
02:00 15|03|2023;7141.57
02:05 15|03|2023;7141.57
02:10 15|03|2023;7141.57
02:15 15|03|2023;7141.57
02:20 15|03|2023;7141.57
02:25 15|03|2023;7141.57
02:30 15|03|2023;7141.57
02:35 15|03|2023;7141.57
02:40 15|03|2023;7141.57
02:45 15|03|2023;7141.57
02:50 15|03|2023;7141.57
02:55 15|03|2023;7141.57
03:00 15|03|2023;7141.57
03:05 15|03|2023;7141.57
03:10 15|03|2023;7141.57
03:15 15|03|2023;7141.57
03:20 15|03|2023;7141.57
03:25 15|03|2023;7141.57
03:30 15|03|2023;7141.57
03:35 15|03|2023;7141.57
03:40 15|03|2023;7141.57
03:45 15|03|2023;7141.57
03:50 15|03|2023;7141.57
03:55 15|03|2023;7141.57
04:00 15|03|2023;7141.57
04:05 15|03|2023;7141.57
04:10 15|03|2023;7141.57
04:15 15|03|2023;7141.57
04:20 15|03|2023;7141.57
04:25 15|03|2023;7141.57
04:30 15|03|2023;7141.57
04:35 15|03|2023;7141.57
04:40 15|03|2023;7141.57
04:45 15|03|2023;7141.57
04:50 15|03|2023;7141.57
04:55 15|03|2023;7141.57
05:00 15|03|2023;7141.57
05:05 15|03|2023;7141.57
05:10 15|03|2023;7141.57
05:15 15|03|2023;7141.57
05:20 15|03|2023;7141.57
05:25 15|03|2023;7141.57
05:30 15|03|2023;7141.57
05:35 15|03|2023;7141.57
05:40 15|03|2023;7141.57
05:45 15|03|2023;7141.57
05:50 15|03|2023;7141.57
05:55 15|03|2023;7141.57
06:00 15|03|2023;7141.57
06:05 15|03|2023;7141.57
06:10 15|03|2023;7141.57
06:15 15|03|2023;7141.57
06:20 15|03|2023;7141.57
06:25 15|03|2023;7141.57
06:30 15|03|2023;7141.57
06:35 15|03|2023;7141.57
06:40 15|03|2023;7141.57
06:45 15|03|2023;7141.57
06:50 15|03|2023;7141.57
06:55 15|03|2023;7141.57
07:00 15|03|2023;7141.57
07:05 15|03|2023;7141.57
07:10 15|03|2023;7141.57
07:15 15|03|2023;7141.57
07:20 15|03|2023;7141.57
07:25 15|03|2023;7141.57
07:30 15|03|2023;7141.57
07:35 15|03|2023;7141.57
07:40 15|03|2023;7141.57
07:45 15|03|2023;7141.57
07:50 15|03|2023;7141.57
07:55 15|03|2023;7141.57
08:00 15|03|2023;7141.57
08:05 15|03|2023;
08:10 15|03|2023;
08:15 15|03|2023;
08:20 15|03|2023;
08:25 15|03|2023;
08:30 15|03|2023;
08:35 15|03|2023;
08:40 15|03|2023;
08:45 15|03|2023;
08:50 15|03|2023;
08:55 15|03|2023;
09:00 15|03|2023;
09:05 15|03|2023;
09:10 15|03|2023;
09:15 15|03|2023;
09:20 15|03|2023;
09:25 15|03|2023;
09:30 15|03|2023;
09:35 15|03|2023;
09:40 15|03|2023;
09:45 15|03|2023;
09:50 15|03|2023;
09:55 15|03|2023;
10:00 15|03|2023;
10:05 15|03|2023;
10:10 15|03|2023;
10:15 15|03|2023;
10:20 15|03|2023;
10:25 15|03|2023;
10:30 15|03|2023;
10:35 15|03|2023;
10:40 15|03|2023;
10:45 15|03|2023;
10:50 15|03|2023;
10:55 15|03|2023;
11:00 15|03|2023;
11:05 15|03|2023;
11:10 15|03|2023;
11:15 15|03|2023;
11:20 15|03|2023;
11:25 15|03|2023;
11:30 15|03|2023;
11:35 15|03|2023;
11:40 15|03|2023;
11:45 15|03|2023;
11:50 15|03|2023;
11:55 15|03|2023;
12:00 15|03|2023;
12:05 15|03|2023;
12:10 15|03|2023;
12:15 15|03|2023;
12:20 15|03|2023;
12:25 15|03|2023;
12:30 15|03|2023;
12:35 15|03|2023;
12:40 15|03|2023;
12:45 15|03|2023;
12:50 15|03|2023;
12:55 15|03|2023;
13:00 15|03|2023;
13:05 15|03|2023;
13:10 15|03|2023;
13:15 15|03|2023;
13:20 15|03|2023;
13:25 15|03|2023;
13:30 15|03|2023;
13:35 15|03|2023;
13:40 15|03|2023;
13:45 15|03|2023;
13:50 15|03|2023;
13:55 15|03|2023;
14:00 15|03|2023;
14:05 15|03|2023;
14:10 15|03|2023;
14:15 15|03|2023;
14:20 15|03|2023;
14:25 15|03|2023;
14:30 15|03|2023;
14:35 15|03|2023;
14:40 15|03|2023;
14:45 15|03|2023;
14:50 15|03|2023;
14:55 15|03|2023;
15:00 15|03|2023;
15:05 15|03|2023;
15:10 15|03|2023;
15:15 15|03|2023;
15:20 15|03|2023;
15:25 15|03|2023;
15:30 15|03|2023;
15:35 15|03|2023;
15:40 15|03|2023;
15:45 15|03|2023;
15:50 15|03|2023;
15:55 15|03|2023;
16:00 15|03|2023;
16:05 15|03|2023;
16:10 15|03|2023;
16:15 15|03|2023;
16:20 15|03|2023;
16:25 15|03|2023;
16:30 15|03|2023;
16:35 15|03|2023;
16:40 15|03|2023;
16:45 15|03|2023;
16:50 15|03|2023;
16:55 15|03|2023;
17:00 15|03|2023;
17:05 15|03|2023;
17:10 15|03|2023;
17:15 15|03|2023;
17:20 15|03|2023;
17:25 15|03|2023;
17:30 15|03|2023;
17:35 15|03|2023;
17:40 15|03|2023;
17:45 15|03|2023;
17:50 15|03|2023;
17:55 15|03|2023;
18:00 15|03|2023;
18:05 15|03|2023;
18:10 15|03|2023;
18:15 15|03|2023;
18:20 15|03|2023;
18:25 15|03|2023;
18:30 15|03|2023;
18:35 15|03|2023;
18:40 15|03|2023;
18:45 15|03|2023;
18:50 15|03|2023;
18:55 15|03|2023;
19:00 15|03|2023;
19:05 15|03|2023;
19:10 15|03|2023;
19:15 15|03|2023;
19:20 15|03|2023;
19:25 15|03|2023;
19:30 15|03|2023;
19:35 15|03|2023;
19:40 15|03|2023;
19:45 15|03|2023;
19:50 15|03|2023;
19:55 15|03|2023;
20:00 15|03|2023;
20:05 15|03|2023;
20:10 15|03|2023;
20:15 15|03|2023;
20:20 15|03|2023;
20:25 15|03|2023;
20:30 15|03|2023;
20:35 15|03|2023;
20:40 15|03|2023;
20:45 15|03|2023;
20:50 15|03|2023;
20:55 15|03|2023;
21:00 15|03|2023;
21:05 15|03|2023;
21:10 15|03|2023;
21:15 15|03|2023;
21:20 15|03|2023;
21:25 15|03|2023;
21:30 15|03|2023;
21:35 15|03|2023;
21:40 15|03|2023;
21:45 15|03|2023;
21:50 15|03|2023;
21:55 15|03|2023;
22:00 15|03|2023;
22:05 15|03|2023;
22:10 15|03|2023;
22:15 15|03|2023;
22:20 15|03|2023;
22:25 15|03|2023;
22:30 15|03|2023;
22:35 15|03|2023;
22:40 15|03|2023;
22:45 15|03|2023;
22:50 15|03|2023;
22:55 15|03|2023;
23:00 15|03|2023;
23:05 15|03|2023;
23:10 15|03|2023;
23:15 15|03|2023;
23:20 15|03|2023;
23:25 15|03|2023;
23:30 15|03|2023;
23:35 15|03|2023;
23:40 15|03|2023;
23:45 15|03|2023;
23:50 15|03|2023;
23:55 15|03|2023;
00:00 16|03|2023;
00:05 16|03|2023;
00:10 16|03|2023;
00:15 16|03|2023;
00:20 16|03|2023;
00:25 16|03|2023;
00:30 16|03|2023;
00:35 16|03|2023;
00:40 16|03|2023;
00:45 16|03|2023;
00:50 16|03|2023;
00:55 16|03|2023;
01:00 16|03|2023;
01:05 16|03|2023;
01:10 16|03|2023;
01:15 16|03|2023;
01:20 16|03|2023;
01:25 16|03|2023;
01:30 16|03|2023;
01:35 16|03|2023;
01:40 16|03|2023;
01:45 16|03|2023;
01:50 16|03|2023;
01:55 16|03|2023;
02:00 16|03|2023;
02:05 16|03|2023;
02:10 16|03|2023;
02:15 16|03|2023;
02:20 16|03|2023;
02:25 16|03|2023;
02:30 16|03|2023;
02:35 16|03|2023;
02:40 16|03|2023;
02:45 16|03|2023;
02:50 16|03|2023;
02:55 16|03|2023;
03:00 16|03|2023;
03:05 16|03|2023;
03:10 16|03|2023;
03:15 16|03|2023;
03:20 16|03|2023;
03:25 16|03|2023;
03:30 16|03|2023;
03:35 16|03|2023;
03:40 16|03|2023;
03:45 16|03|2023;
03:50 16|03|2023;
03:55 16|03|2023;
04:00 16|03|2023;
04:05 16|03|2023;
04:10 16|03|2023;
04:15 16|03|2023;
04:20 16|03|2023;
04:25 16|03|2023;
04:30 16|03|2023;
04:35 16|03|2023;
04:40 16|03|2023;
04:45 16|03|2023;
04:50 16|03|2023;
04:55 16|03|2023;
05:00 16|03|2023;
05:05 16|03|2023;
05:10 16|03|2023;
05:15 16|03|2023;
05:20 16|03|2023;
05:25 16|03|2023;
05:30 16|03|2023;
05:35 16|03|2023;
05:40 16|03|2023;
05:45 16|03|2023;
05:50 16|03|2023;
05:55 16|03|2023;
06:00 16|03|2023;
06:05 16|03|2023;
06:10 16|03|2023;
06:15 16|03|2023;
06:20 16|03|2023;
06:25 16|03|2023;
06:30 16|03|2023;
06:35 16|03|2023;
06:40 16|03|2023;
06:45 16|03|2023;
06:50 16|03|2023;
06:55 16|03|2023;
07:00 16|03|2023;
07:05 16|03|2023;
07:10 16|03|2023;
07:15 16|03|2023;
07:20 16|03|2023;
07:25 16|03|2023;6885.71
07:30 16|03|2023;6885.71
07:35 16|03|2023;6885.71
07:40 16|03|2023;6885.71
07:45 16|03|2023;6885.71
07:50 16|03|2023;6885.71
07:55 16|03|2023;6885.71
08:00 16|03|2023;6885.71
08:05 16|03|2023;
08:10 16|03|2023;6989.63
08:15 16|03|2023;6963.11
08:20 16|03|2023;6952.88
08:25 16|03|2023;6964.52
08:30 16|03|2023;6970.68
08:35 16|03|2023;6967.59
08:40 16|03|2023;6977.34
08:45 16|03|2023;6982.83
08:50 16|03|2023;6960.6
08:55 16|03|2023;6959.68
09:00 16|03|2023;6946.36
09:05 16|03|2023;6939.61
09:10 16|03|2023;6931.32
09:15 16|03|2023;6924.94
09:20 16|03|2023;6899.25
09:25 16|03|2023;6906.71
09:30 16|03|2023;6917.44
09:35 16|03|2023;6924.52
09:40 16|03|2023;6916.45
09:45 16|03|2023;6920.81
09:50 16|03|2023;6916.64
09:55 16|03|2023;6919.1
10:00 16|03|2023;6934.74
10:05 16|03|2023;6936.37
10:10 16|03|2023;6942.78
10:15 16|03|2023;6941.1
10:20 16|03|2023;6953.89
10:25 16|03|2023;6951.36
10:30 16|03|2023;6963.04
10:35 16|03|2023;6949.09
10:40 16|03|2023;6953.76
10:45 16|03|2023;6951.47
10:50 16|03|2023;6942.3
10:55 16|03|2023;6934.53
11:00 16|03|2023;6947.99
11:05 16|03|2023;6938.64
11:10 16|03|2023;6931
11:15 16|03|2023;6920.63
11:20 16|03|2023;6930.92
11:25 16|03|2023;6928.7
11:30 16|03|2023;6937.16
11:35 16|03|2023;6943.75
11:40 16|03|2023;6957.48
11:45 16|03|2023;6963.36
11:50 16|03|2023;6976.66
11:55 16|03|2023;6967.38
12:00 16|03|2023;6960.8
12:05 16|03|2023;6959.47
12:10 16|03|2023;6948.93
12:15 16|03|2023;6949.3
12:20 16|03|2023;6958.52
12:25 16|03|2023;6948.97
12:30 16|03|2023;6962.28
12:35 16|03|2023;6962.08
12:40 16|03|2023;6954.05
12:45 16|03|2023;6940.25
12:50 16|03|2023;6936.26
12:55 16|03|2023;6936.86
13:00 16|03|2023;6940.29
13:05 16|03|2023;6926.61
13:10 16|03|2023;6930.7
13:15 16|03|2023;6938.12
13:20 16|03|2023;6903.33
13:25 16|03|2023;6906.11
13:30 16|03|2023;6917.01
13:35 16|03|2023;6919.59
13:40 16|03|2023;6924
13:45 16|03|2023;6936.26
13:50 16|03|2023;6930.64
13:55 16|03|2023;6961.09
14:00 16|03|2023;6985.03
14:05 16|03|2023;6959.89
14:10 16|03|2023;6939.1
14:15 16|03|2023;6953.6
14:20 16|03|2023;6916.4
14:25 16|03|2023;6920.69
14:30 16|03|2023;6948.83
14:35 16|03|2023;6949.2
14:40 16|03|2023;6961.39
14:45 16|03|2023;6974.69
14:50 16|03|2023;6997.92
14:55 16|03|2023;7019.98
15:00 16|03|2023;7023.71
15:05 16|03|2023;6998.49
15:10 16|03|2023;7000.31
15:15 16|03|2023;7002.19
15:20 16|03|2023;7005.88
15:25 16|03|2023;7019.44
15:30 16|03|2023;7021.72
15:35 16|03|2023;7016.36
15:40 16|03|2023;7024.66
15:45 16|03|2023;7034.32
15:50 16|03|2023;7037.66
15:55 16|03|2023;7052.75
16:00 16|03|2023;7051.23
16:05 16|03|2023;7036.73
16:10 16|03|2023;7037.95
16:15 16|03|2023;7030.61
16:20 16|03|2023;7037.66
16:25 16|03|2023;7043.59
16:30 16|03|2023;7037.85
16:35 16|03|2023;7041.48
16:40 16|03|2023;7025.72
16:45 16|03|2023;7025.72
16:50 16|03|2023;7025.72
16:55 16|03|2023;7025.72
17:00 16|03|2023;7025.72
17:05 16|03|2023;7025.72
17:10 16|03|2023;7025.72
17:15 16|03|2023;7025.72
17:20 16|03|2023;7025.72
17:25 16|03|2023;7025.72
17:30 16|03|2023;7025.72
17:35 16|03|2023;7025.72
17:40 16|03|2023;7025.72
17:45 16|03|2023;7025.72
17:50 16|03|2023;7025.72
17:55 16|03|2023;7025.72
18:00 16|03|2023;7025.72
18:05 16|03|2023;7025.72
18:10 16|03|2023;7025.72
18:15 16|03|2023;7025.72
18:20 16|03|2023;7025.72
18:25 16|03|2023;7025.72
18:30 16|03|2023;7025.72
18:35 16|03|2023;7025.72
18:40 16|03|2023;7025.72
18:45 16|03|2023;7025.72
18:50 16|03|2023;7025.72
18:55 16|03|2023;7025.72
19:00 16|03|2023;7025.72
19:05 16|03|2023;7025.72
19:10 16|03|2023;7025.72
19:15 16|03|2023;7025.72
19:20 16|03|2023;7025.72
19:25 16|03|2023;7025.72
19:30 16|03|2023;7025.72
19:35 16|03|2023;7025.72
19:40 16|03|2023;7025.72
19:45 16|03|2023;7025.72
19:50 16|03|2023;7025.72
19:55 16|03|2023;7025.72
20:00 16|03|2023;7025.72
20:05 16|03|2023;7025.72
20:10 16|03|2023;7025.72
20:15 16|03|2023;7025.72
20:20 16|03|2023;7025.72
20:25 16|03|2023;7025.72
20:30 16|03|2023;7025.72
20:35 16|03|2023;7025.72
20:40 16|03|2023;7025.72
20:45 16|03|2023;7025.72
20:50 16|03|2023;7025.72
20:55 16|03|2023;7025.72
21:00 16|03|2023;7025.72
21:05 16|03|2023;7025.72
21:10 16|03|2023;7025.72
21:15 16|03|2023;7025.72
21:20 16|03|2023;7025.72
21:25 16|03|2023;7025.72
21:30 16|03|2023;7025.72
21:35 16|03|2023;7025.72
21:40 16|03|2023;7025.72
21:45 16|03|2023;7025.72
21:50 16|03|2023;7025.72
21:55 16|03|2023;7025.72
22:00 16|03|2023;7025.72
22:05 16|03|2023;7025.72
22:10 16|03|2023;7025.72
22:15 16|03|2023;7025.72
22:20 16|03|2023;7025.72
22:25 16|03|2023;7025.72
22:30 16|03|2023;7025.72
22:35 16|03|2023;7025.72
22:40 16|03|2023;7025.72
22:45 16|03|2023;7025.72
22:50 16|03|2023;7025.72
22:55 16|03|2023;7025.72
23:00 16|03|2023;7025.72
23:05 16|03|2023;7025.72
23:10 16|03|2023;7025.72
23:15 16|03|2023;7025.72
23:20 16|03|2023;7025.72
23:25 16|03|2023;7025.72
23:30 16|03|2023;7025.72
23:35 16|03|2023;7025.72
23:40 16|03|2023;7025.72
23:45 16|03|2023;7025.72
23:50 16|03|2023;7025.72
23:55 16|03|2023;7025.72
00:00 17|03|2023;7025.72
00:05 17|03|2023;7025.72
00:10 17|03|2023;7025.72
00:15 17|03|2023;7025.72
00:20 17|03|2023;7025.72
00:25 17|03|2023;7025.72
00:30 17|03|2023;7025.72
00:35 17|03|2023;7025.72
00:40 17|03|2023;7025.72
00:45 17|03|2023;7025.72
00:50 17|03|2023;7025.72
00:55 17|03|2023;7025.72
01:00 17|03|2023;7025.72
01:05 17|03|2023;7025.72
01:10 17|03|2023;7025.72
01:15 17|03|2023;7025.72
01:20 17|03|2023;7025.72
01:25 17|03|2023;7025.72
01:30 17|03|2023;7025.72
01:35 17|03|2023;7025.72
01:40 17|03|2023;7025.72
01:45 17|03|2023;7025.72
01:50 17|03|2023;7025.72
01:55 17|03|2023;7025.72
02:00 17|03|2023;7025.72
02:05 17|03|2023;7025.72
02:10 17|03|2023;7025.72
02:15 17|03|2023;7025.72
02:20 17|03|2023;7025.72
02:25 17|03|2023;7025.72
02:30 17|03|2023;7025.72
02:35 17|03|2023;7025.72
02:40 17|03|2023;7025.72
02:45 17|03|2023;7025.72
02:50 17|03|2023;7025.72
02:55 17|03|2023;7025.72
03:00 17|03|2023;7025.72
03:05 17|03|2023;7025.72
03:10 17|03|2023;7025.72
03:15 17|03|2023;7025.72
03:20 17|03|2023;7025.72
03:25 17|03|2023;7025.72
03:30 17|03|2023;7025.72
03:35 17|03|2023;7025.72
03:40 17|03|2023;7025.72
03:45 17|03|2023;7025.72
03:50 17|03|2023;7025.72
03:55 17|03|2023;7025.72
04:00 17|03|2023;7025.72
04:05 17|03|2023;7025.72
04:10 17|03|2023;7025.72
04:15 17|03|2023;7025.72
04:20 17|03|2023;7025.72
04:25 17|03|2023;7025.72
04:30 17|03|2023;7025.72
04:35 17|03|2023;7025.72
04:40 17|03|2023;7025.72
04:45 17|03|2023;7025.72
04:50 17|03|2023;7025.72
04:55 17|03|2023;7025.72
05:00 17|03|2023;7025.72
05:05 17|03|2023;7025.72
05:10 17|03|2023;7025.72
05:15 17|03|2023;7025.72
05:20 17|03|2023;7025.72
05:25 17|03|2023;7025.72
05:30 17|03|2023;7025.72
05:35 17|03|2023;7025.72
05:40 17|03|2023;7025.72
05:45 17|03|2023;7025.72
05:50 17|03|2023;7025.72
05:55 17|03|2023;7025.72
06:00 17|03|2023;7025.72
06:05 17|03|2023;7025.72
06:10 17|03|2023;7025.72
06:15 17|03|2023;7025.72
06:20 17|03|2023;7025.72
06:25 17|03|2023;7025.72
06:30 17|03|2023;7025.72
06:35 17|03|2023;7025.72
06:40 17|03|2023;7025.72
06:45 17|03|2023;7025.72
06:50 17|03|2023;7025.72
06:55 17|03|2023;7025.72
07:00 17|03|2023;7025.72
07:05 17|03|2023;7025.72
07:10 17|03|2023;7025.72
07:15 17|03|2023;7025.72
07:20 17|03|2023;7025.72
07:25 17|03|2023;7025.72
07:30 17|03|2023;7025.72
07:35 17|03|2023;7025.72
07:40 17|03|2023;7025.72
07:45 17|03|2023;7025.72
07:50 17|03|2023;7025.72
07:55 17|03|2023;7025.72
08:00 17|03|2023;7025.72
08:05 17|03|2023;7075.26
08:10 17|03|2023;7086.82
08:15 17|03|2023;7081.75
08:20 17|03|2023;7085.77
08:25 17|03|2023;7103.38
08:30 17|03|2023;7096.59
08:35 17|03|2023;7086.51
08:40 17|03|2023;7094.37
08:45 17|03|2023;7082.19
08:50 17|03|2023;7075.69
08:55 17|03|2023;7066.5
09:00 17|03|2023;7072.87
09:05 17|03|2023;7076.66
09:10 17|03|2023;7069.04
09:15 17|03|2023;7063.39
09:20 17|03|2023;7063.74
09:25 17|03|2023;7065.46
09:30 17|03|2023;7062.73
09:35 17|03|2023;7065.92
09:40 17|03|2023;7071.41
09:45 17|03|2023;7056.69
09:50 17|03|2023;7046.25
09:55 17|03|2023;7052.16
10:00 17|03|2023;7054.46
10:05 17|03|2023;7046.78
10:10 17|03|2023;7044.82
10:15 17|03|2023;7032.13
10:20 17|03|2023;
10:25 17|03|2023;7025.91
10:30 17|03|2023;7031.42
10:35 17|03|2023;7033.16
10:40 17|03|2023;7035.11
10:45 17|03|2023;7031.43
10:50 17|03|2023;
10:55 17|03|2023;7040.41
11:00 17|03|2023;7041.75
11:05 17|03|2023;7031.49
11:10 17|03|2023;7027.06
11:15 17|03|2023;
11:20 17|03|2023;
11:25 17|03|2023;
11:30 17|03|2023;
11:35 17|03|2023;
11:40 17|03|2023;
11:45 17|03|2023;
11:50 17|03|2023;
11:55 17|03|2023;
12:00 17|03|2023;
12:05 17|03|2023;
12:10 17|03|2023;
12:15 17|03|2023;
12:20 17|03|2023;
12:25 17|03|2023;
12:30 17|03|2023;
12:35 17|03|2023;
12:40 17|03|2023;
12:45 17|03|2023;
12:50 17|03|2023;
12:55 17|03|2023;
13:00 17|03|2023;
13:05 17|03|2023;
13:10 17|03|2023;
13:15 17|03|2023;
13:20 17|03|2023;
13:25 17|03|2023;
13:30 17|03|2023;
13:35 17|03|2023;
13:40 17|03|2023;
13:45 17|03|2023;
13:50 17|03|2023;
13:55 17|03|2023;
14:00 17|03|2023;
14:05 17|03|2023;
14:10 17|03|2023;
14:15 17|03|2023;
14:20 17|03|2023;
14:25 17|03|2023;
14:30 17|03|2023;
14:35 17|03|2023;
14:40 17|03|2023;
14:45 17|03|2023;
14:50 17|03|2023;
14:55 17|03|2023;
15:00 17|03|2023;
15:05 17|03|2023;
15:10 17|03|2023;
15:15 17|03|2023;
15:20 17|03|2023;
15:25 17|03|2023;
15:30 17|03|2023;
15:35 17|03|2023;
15:40 17|03|2023;
15:45 17|03|2023;
15:50 17|03|2023;
15:55 17|03|2023;
16:00 17|03|2023;
16:05 17|03|2023;
16:10 17|03|2023;
16:15 17|03|2023;
16:20 17|03|2023;
16:25 17|03|2023;
16:30 17|03|2023;
16:35 17|03|2023;
16:40 17|03|2023;
16:45 17|03|2023;
16:50 17|03|2023;
16:55 17|03|2023;
17:00 17|03|2023;
17:05 17|03|2023;
17:10 17|03|2023;
17:15 17|03|2023;
17:20 17|03|2023;
17:25 17|03|2023;
17:30 17|03|2023;
17:35 17|03|2023;
17:40 17|03|2023;
17:45 17|03|2023;
17:50 17|03|2023;
17:55 17|03|2023;
18:00 17|03|2023;
18:05 17|03|2023;
18:10 17|03|2023;
18:15 17|03|2023;
18:20 17|03|2023;
18:25 17|03|2023;
18:30 17|03|2023;
18:35 17|03|2023;
18:40 17|03|2023;
18:45 17|03|2023;
18:50 17|03|2023;
18:55 17|03|2023;
19:00 17|03|2023;
19:05 17|03|2023;
19:10 17|03|2023;
19:15 17|03|2023;
19:20 17|03|2023;
19:25 17|03|2023;
19:30 17|03|2023;
19:35 17|03|2023;
19:40 17|03|2023;
19:45 17|03|2023;
19:50 17|03|2023;
19:55 17|03|2023;
20:00 17|03|2023;
20:05 17|03|2023;
20:10 17|03|2023;
20:15 17|03|2023;
20:20 17|03|2023;
20:25 17|03|2023;
20:30 17|03|2023;
20:35 17|03|2023;
20:40 17|03|2023;
20:45 17|03|2023;
20:50 17|03|2023;
20:55 17|03|2023;
21:00 17|03|2023;
21:05 17|03|2023;
21:10 17|03|2023;
21:15 17|03|2023;
21:20 17|03|2023;
21:25 17|03|2023;
21:30 17|03|2023;
21:35 17|03|2023;
21:40 17|03|2023;
21:45 17|03|2023;
21:50 17|03|2023;
21:55 17|03|2023;
22:00 17|03|2023;
22:05 17|03|2023;
22:10 17|03|2023;
22:15 17|03|2023;
22:20 17|03|2023;
22:25 17|03|2023;
22:30 17|03|2023;
22:35 17|03|2023;
22:40 17|03|2023;
22:45 17|03|2023;
22:50 17|03|2023;
22:55 17|03|2023;
23:00 17|03|2023;
23:05 17|03|2023;
23:10 17|03|2023;
23:15 17|03|2023;
23:20 17|03|2023;
23:25 17|03|2023;
23:30 17|03|2023;
23:35 17|03|2023;
23:40 17|03|2023;
23:45 17|03|2023;
23:50 17|03|2023;
23:55 17|03|2023;
00:00 18|03|2023;
00:05 18|03|2023;
00:10 18|03|2023;
00:15 18|03|2023;
00:20 18|03|2023;
00:25 18|03|2023;
00:30 18|03|2023;
00:35 18|03|2023;
00:40 18|03|2023;
00:45 18|03|2023;
00:50 18|03|2023;
00:55 18|03|2023;
01:00 18|03|2023;
01:05 18|03|2023;
01:10 18|03|2023;
01:15 18|03|2023;
01:20 18|03|2023;
01:25 18|03|2023;
01:30 18|03|2023;
01:35 18|03|2023;
01:40 18|03|2023;
01:45 18|03|2023;
01:50 18|03|2023;
01:55 18|03|2023;
02:00 18|03|2023;
02:05 18|03|2023;
02:10 18|03|2023;
02:15 18|03|2023;
02:20 18|03|2023;
02:25 18|03|2023;
02:30 18|03|2023;
02:35 18|03|2023;
02:40 18|03|2023;
02:45 18|03|2023;
02:50 18|03|2023;
02:55 18|03|2023;
03:00 18|03|2023;
03:05 18|03|2023;
03:10 18|03|2023;
03:15 18|03|2023;
03:20 18|03|2023;
03:25 18|03|2023;
03:30 18|03|2023;
03:35 18|03|2023;
03:40 18|03|2023;
03:45 18|03|2023;
03:50 18|03|2023;
03:55 18|03|2023;
04:00 18|03|2023;
04:05 18|03|2023;
04:10 18|03|2023;
04:15 18|03|2023;
04:20 18|03|2023;
04:25 18|03|2023;
04:30 18|03|2023;
04:35 18|03|2023;
04:40 18|03|2023;
04:45 18|03|2023;
04:50 18|03|2023;
04:55 18|03|2023;
05:00 18|03|2023;
05:05 18|03|2023;
05:10 18|03|2023;
05:15 18|03|2023;
05:20 18|03|2023;
05:25 18|03|2023;
05:30 18|03|2023;
05:35 18|03|2023;
05:40 18|03|2023;
05:45 18|03|2023;
05:50 18|03|2023;
05:55 18|03|2023;
06:00 18|03|2023;
06:05 18|03|2023;
06:10 18|03|2023;
06:15 18|03|2023;
06:20 18|03|2023;
06:25 18|03|2023;
06:30 18|03|2023;
06:35 18|03|2023;
06:40 18|03|2023;
06:45 18|03|2023;
06:50 18|03|2023;
06:55 18|03|2023;
07:00 18|03|2023;
07:05 18|03|2023;
07:10 18|03|2023;
07:15 18|03|2023;
07:20 18|03|2023;
07:25 18|03|2023;
07:30 18|03|2023;
07:35 18|03|2023;
07:40 18|03|2023;
07:45 18|03|2023;
07:50 18|03|2023;
07:55 18|03|2023;
08:00 18|03|2023;
08:05 18|03|2023;
08:10 18|03|2023;
08:15 18|03|2023;
08:20 18|03|2023;
08:25 18|03|2023;
08:30 18|03|2023;
08:35 18|03|2023;
08:40 18|03|2023;
08:45 18|03|2023;
08:50 18|03|2023;
08:55 18|03|2023;
09:00 18|03|2023;
09:05 18|03|2023;
09:10 18|03|2023;
09:15 18|03|2023;
09:20 18|03|2023;
09:25 18|03|2023;
09:30 18|03|2023;
09:35 18|03|2023;
09:40 18|03|2023;
09:45 18|03|2023;
09:50 18|03|2023;
09:55 18|03|2023;
10:00 18|03|2023;
10:05 18|03|2023;
10:10 18|03|2023;
10:15 18|03|2023;
10:20 18|03|2023;
10:25 18|03|2023;
10:30 18|03|2023;
10:35 18|03|2023;
10:40 18|03|2023;
10:45 18|03|2023;
10:50 18|03|2023;
10:55 18|03|2023;
11:00 18|03|2023;
11:05 18|03|2023;
11:10 18|03|2023;
11:15 18|03|2023;
11:20 18|03|2023;
11:25 18|03|2023;
11:30 18|03|2023;
11:35 18|03|2023;
11:40 18|03|2023;
11:45 18|03|2023;
11:50 18|03|2023;
11:55 18|03|2023;
12:00 18|03|2023;
12:05 18|03|2023;
12:10 18|03|2023;
12:15 18|03|2023;
12:20 18|03|2023;
12:25 18|03|2023;
12:30 18|03|2023;
12:35 18|03|2023;
12:40 18|03|2023;
12:45 18|03|2023;
12:50 18|03|2023;
12:55 18|03|2023;
13:00 18|03|2023;
13:05 18|03|2023;
13:10 18|03|2023;
13:15 18|03|2023;
13:20 18|03|2023;
13:25 18|03|2023;
13:30 18|03|2023;
13:35 18|03|2023;
13:40 18|03|2023;
13:45 18|03|2023;
13:50 18|03|2023;
13:55 18|03|2023;
14:00 18|03|2023;
14:05 18|03|2023;
14:10 18|03|2023;
14:15 18|03|2023;
14:20 18|03|2023;
14:25 18|03|2023;
14:30 18|03|2023;
14:35 18|03|2023;
14:40 18|03|2023;
14:45 18|03|2023;
14:50 18|03|2023;
14:55 18|03|2023;
15:00 18|03|2023;
15:05 18|03|2023;
15:10 18|03|2023;
15:15 18|03|2023;
15:20 18|03|2023;
15:25 18|03|2023;
15:30 18|03|2023;
15:35 18|03|2023;
15:40 18|03|2023;
15:45 18|03|2023;
15:50 18|03|2023;
15:55 18|03|2023;
16:00 18|03|2023;
16:05 18|03|2023;
16:10 18|03|2023;
16:15 18|03|2023;
16:20 18|03|2023;
16:25 18|03|2023;
16:30 18|03|2023;
16:35 18|03|2023;
16:40 18|03|2023;
16:45 18|03|2023;
16:50 18|03|2023;
16:55 18|03|2023;
17:00 18|03|2023;
17:05 18|03|2023;
17:10 18|03|2023;
17:15 18|03|2023;
17:20 18|03|2023;
17:25 18|03|2023;
17:30 18|03|2023;
17:35 18|03|2023;
17:40 18|03|2023;
17:45 18|03|2023;
17:50 18|03|2023;
17:55 18|03|2023;
18:00 18|03|2023;
18:05 18|03|2023;
18:10 18|03|2023;
18:15 18|03|2023;
18:20 18|03|2023;
18:25 18|03|2023;
18:30 18|03|2023;
18:35 18|03|2023;
18:40 18|03|2023;
18:45 18|03|2023;
18:50 18|03|2023;
18:55 18|03|2023;
19:00 18|03|2023;
19:05 18|03|2023;
19:10 18|03|2023;
19:15 18|03|2023;
19:20 18|03|2023;
19:25 18|03|2023;
19:30 18|03|2023;
19:35 18|03|2023;
19:40 18|03|2023;
19:45 18|03|2023;
19:50 18|03|2023;
19:55 18|03|2023;
20:00 18|03|2023;
20:05 18|03|2023;
20:10 18|03|2023;
20:15 18|03|2023;
20:20 18|03|2023;
20:25 18|03|2023;
20:30 18|03|2023;
20:35 18|03|2023;
20:40 18|03|2023;
20:45 18|03|2023;
20:50 18|03|2023;
20:55 18|03|2023;
21:00 18|03|2023;
21:05 18|03|2023;
21:10 18|03|2023;
21:15 18|03|2023;
21:20 18|03|2023;
21:25 18|03|2023;
21:30 18|03|2023;
21:35 18|03|2023;
21:40 18|03|2023;
21:45 18|03|2023;
21:50 18|03|2023;
21:55 18|03|2023;
22:00 18|03|2023;
22:05 18|03|2023;
22:10 18|03|2023;
22:15 18|03|2023;
22:20 18|03|2023;
22:25 18|03|2023;
22:30 18|03|2023;
22:35 18|03|2023;
22:40 18|03|2023;
22:45 18|03|2023;
22:50 18|03|2023;
22:55 18|03|2023;
23:00 18|03|2023;
23:05 18|03|2023;
23:10 18|03|2023;
23:15 18|03|2023;
23:20 18|03|2023;
23:25 18|03|2023;
23:30 18|03|2023;
23:35 18|03|2023;
23:40 18|03|2023;
23:45 18|03|2023;
23:50 18|03|2023;
23:55 18|03|2023;
00:00 19|03|2023;
00:05 19|03|2023;
00:10 19|03|2023;
00:15 19|03|2023;
00:20 19|03|2023;
00:25 19|03|2023;
00:30 19|03|2023;
00:35 19|03|2023;
00:40 19|03|2023;
00:45 19|03|2023;
00:50 19|03|2023;
00:55 19|03|2023;
01:00 19|03|2023;
01:05 19|03|2023;
01:10 19|03|2023;
01:15 19|03|2023;
01:20 19|03|2023;
01:25 19|03|2023;
01:30 19|03|2023;
01:35 19|03|2023;
01:40 19|03|2023;
01:45 19|03|2023;
01:50 19|03|2023;
01:55 19|03|2023;
02:00 19|03|2023;
02:05 19|03|2023;
02:10 19|03|2023;
02:15 19|03|2023;
02:20 19|03|2023;
02:25 19|03|2023;
02:30 19|03|2023;
02:35 19|03|2023;
02:40 19|03|2023;
02:45 19|03|2023;
02:50 19|03|2023;
02:55 19|03|2023;
03:00 19|03|2023;
03:05 19|03|2023;
03:10 19|03|2023;
03:15 19|03|2023;
03:20 19|03|2023;
03:25 19|03|2023;
03:30 19|03|2023;
03:35 19|03|2023;
03:40 19|03|2023;
03:45 19|03|2023;
03:50 19|03|2023;
03:55 19|03|2023;
04:00 19|03|2023;
04:05 19|03|2023;
04:10 19|03|2023;
04:15 19|03|2023;
04:20 19|03|2023;
04:25 19|03|2023;
04:30 19|03|2023;
04:35 19|03|2023;
04:40 19|03|2023;
04:45 19|03|2023;
04:50 19|03|2023;
04:55 19|03|2023;
05:00 19|03|2023;
05:05 19|03|2023;
05:10 19|03|2023;
05:15 19|03|2023;
05:20 19|03|2023;
05:25 19|03|2023;
05:30 19|03|2023;
05:35 19|03|2023;
05:40 19|03|2023;
05:45 19|03|2023;
05:50 19|03|2023;
05:55 19|03|2023;
06:00 19|03|2023;
06:05 19|03|2023;
06:10 19|03|2023;
06:15 19|03|2023;
06:20 19|03|2023;
06:25 19|03|2023;
06:30 19|03|2023;
06:35 19|03|2023;
06:40 19|03|2023;
06:45 19|03|2023;
06:50 19|03|2023;
06:55 19|03|2023;
07:00 19|03|2023;
07:05 19|03|2023;
07:10 19|03|2023;
07:15 19|03|2023;
07:20 19|03|2023;
07:25 19|03|2023;
07:30 19|03|2023;
07:35 19|03|2023;
07:40 19|03|2023;
07:45 19|03|2023;
07:50 19|03|2023;
07:55 19|03|2023;
08:00 19|03|2023;
08:05 19|03|2023;
08:10 19|03|2023;
08:15 19|03|2023;
08:20 19|03|2023;
08:25 19|03|2023;
08:30 19|03|2023;
08:35 19|03|2023;
08:40 19|03|2023;
08:45 19|03|2023;
08:50 19|03|2023;
08:55 19|03|2023;
09:00 19|03|2023;
09:05 19|03|2023;
09:10 19|03|2023;
09:15 19|03|2023;
09:20 19|03|2023;
09:25 19|03|2023;
09:30 19|03|2023;
09:35 19|03|2023;
09:40 19|03|2023;
09:45 19|03|2023;
09:50 19|03|2023;
09:55 19|03|2023;
10:00 19|03|2023;
10:05 19|03|2023;
10:10 19|03|2023;
10:15 19|03|2023;
10:20 19|03|2023;
10:25 19|03|2023;
10:30 19|03|2023;
10:35 19|03|2023;
10:40 19|03|2023;
10:45 19|03|2023;
10:50 19|03|2023;
10:55 19|03|2023;
11:00 19|03|2023;
11:05 19|03|2023;
11:10 19|03|2023;
11:15 19|03|2023;
11:20 19|03|2023;
11:25 19|03|2023;
11:30 19|03|2023;
11:35 19|03|2023;
11:40 19|03|2023;
11:45 19|03|2023;
11:50 19|03|2023;
11:55 19|03|2023;
12:00 19|03|2023;
12:05 19|03|2023;
12:10 19|03|2023;
12:15 19|03|2023;
12:20 19|03|2023;
12:25 19|03|2023;
12:30 19|03|2023;
12:35 19|03|2023;
12:40 19|03|2023;
12:45 19|03|2023;
12:50 19|03|2023;
12:55 19|03|2023;
13:00 19|03|2023;
13:05 19|03|2023;
13:10 19|03|2023;
13:15 19|03|2023;
13:20 19|03|2023;
13:25 19|03|2023;
13:30 19|03|2023;
13:35 19|03|2023;
13:40 19|03|2023;
13:45 19|03|2023;
13:50 19|03|2023;
13:55 19|03|2023;
14:00 19|03|2023;
14:05 19|03|2023;
14:10 19|03|2023;
14:15 19|03|2023;
14:20 19|03|2023;
14:25 19|03|2023;
14:30 19|03|2023;
14:35 19|03|2023;
14:40 19|03|2023;
14:45 19|03|2023;
14:50 19|03|2023;
14:55 19|03|2023;
15:00 19|03|2023;
15:05 19|03|2023;
15:10 19|03|2023;
15:15 19|03|2023;
15:20 19|03|2023;
15:25 19|03|2023;
15:30 19|03|2023;
15:35 19|03|2023;
15:40 19|03|2023;
15:45 19|03|2023;
15:50 19|03|2023;
15:55 19|03|2023;
16:00 19|03|2023;
16:05 19|03|2023;
16:10 19|03|2023;
16:15 19|03|2023;
16:20 19|03|2023;
16:25 19|03|2023;
16:30 19|03|2023;
16:35 19|03|2023;
16:40 19|03|2023;
16:45 19|03|2023;
16:50 19|03|2023;
16:55 19|03|2023;
17:00 19|03|2023;
17:05 19|03|2023;
17:10 19|03|2023;
17:15 19|03|2023;
17:20 19|03|2023;
17:25 19|03|2023;
17:30 19|03|2023;
17:35 19|03|2023;
17:40 19|03|2023;
17:45 19|03|2023;
17:50 19|03|2023;
17:55 19|03|2023;
18:00 19|03|2023;
18:05 19|03|2023;
18:10 19|03|2023;
18:15 19|03|2023;
18:20 19|03|2023;
18:25 19|03|2023;
18:30 19|03|2023;
18:35 19|03|2023;
18:40 19|03|2023;
18:45 19|03|2023;
18:50 19|03|2023;
18:55 19|03|2023;
19:00 19|03|2023;
19:05 19|03|2023;
19:10 19|03|2023;
19:15 19|03|2023;
19:20 19|03|2023;
19:25 19|03|2023;
19:30 19|03|2023;
19:35 19|03|2023;
19:40 19|03|2023;
19:45 19|03|2023;
19:50 19|03|2023;
19:55 19|03|2023;
20:00 19|03|2023;
20:05 19|03|2023;
20:10 19|03|2023;
20:15 19|03|2023;
20:20 19|03|2023;
20:25 19|03|2023;
20:30 19|03|2023;
20:35 19|03|2023;
20:40 19|03|2023;
20:45 19|03|2023;
20:50 19|03|2023;
20:55 19|03|2023;
21:00 19|03|2023;
21:05 19|03|2023;
21:10 19|03|2023;
21:15 19|03|2023;
21:20 19|03|2023;
21:25 19|03|2023;
21:30 19|03|2023;
21:35 19|03|2023;
21:40 19|03|2023;
21:45 19|03|2023;
21:50 19|03|2023;
21:55 19|03|2023;
22:00 19|03|2023;
22:05 19|03|2023;
22:10 19|03|2023;
22:15 19|03|2023;
22:20 19|03|2023;
22:25 19|03|2023;
22:30 19|03|2023;
22:35 19|03|2023;
22:40 19|03|2023;
22:45 19|03|2023;
22:50 19|03|2023;
22:55 19|03|2023;
23:00 19|03|2023;
23:05 19|03|2023;
23:10 19|03|2023;
23:15 19|03|2023;
23:20 19|03|2023;
23:25 19|03|2023;
23:30 19|03|2023;
23:35 19|03|2023;
23:40 19|03|2023;
23:45 19|03|2023;
23:50 19|03|2023;
23:55 19|03|2023;
00:00 20|03|2023;
00:05 20|03|2023;
00:10 20|03|2023;
00:15 20|03|2023;
00:20 20|03|2023;
00:25 20|03|2023;
00:30 20|03|2023;
00:35 20|03|2023;
00:40 20|03|2023;
00:45 20|03|2023;
00:50 20|03|2023;
00:55 20|03|2023;
01:00 20|03|2023;
01:05 20|03|2023;
01:10 20|03|2023;
01:15 20|03|2023;
01:20 20|03|2023;
01:25 20|03|2023;
01:30 20|03|2023;
01:35 20|03|2023;
01:40 20|03|2023;
01:45 20|03|2023;
01:50 20|03|2023;
01:55 20|03|2023;
02:00 20|03|2023;
02:05 20|03|2023;
02:10 20|03|2023;
02:15 20|03|2023;
02:20 20|03|2023;
02:25 20|03|2023;
02:30 20|03|2023;
02:35 20|03|2023;
02:40 20|03|2023;
02:45 20|03|2023;
02:50 20|03|2023;
02:55 20|03|2023;
03:00 20|03|2023;
03:05 20|03|2023;
03:10 20|03|2023;
03:15 20|03|2023;
03:20 20|03|2023;
03:25 20|03|2023;
03:30 20|03|2023;
03:35 20|03|2023;
03:40 20|03|2023;
03:45 20|03|2023;
03:50 20|03|2023;
03:55 20|03|2023;
04:00 20|03|2023;
04:05 20|03|2023;
04:10 20|03|2023;
04:15 20|03|2023;
04:20 20|03|2023;
04:25 20|03|2023;
04:30 20|03|2023;
04:35 20|03|2023;
04:40 20|03|2023;
04:45 20|03|2023;
04:50 20|03|2023;
04:55 20|03|2023;
05:00 20|03|2023;
05:05 20|03|2023;
05:10 20|03|2023;
05:15 20|03|2023;
05:20 20|03|2023;
05:25 20|03|2023;
05:30 20|03|2023;
05:35 20|03|2023;
05:40 20|03|2023;
05:45 20|03|2023;
05:50 20|03|2023;
05:55 20|03|2023;
06:00 20|03|2023;
06:05 20|03|2023;
06:10 20|03|2023;
06:15 20|03|2023;
06:20 20|03|2023;
06:25 20|03|2023;
06:30 20|03|2023;
06:35 20|03|2023;
06:40 20|03|2023;
06:45 20|03|2023;
06:50 20|03|2023;
06:55 20|03|2023;
07:00 20|03|2023;
07:05 20|03|2023;
07:10 20|03|2023;
07:15 20|03|2023;
07:20 20|03|2023;
07:25 20|03|2023;6925.4
07:30 20|03|2023;6925.4
07:35 20|03|2023;6925.4
07:40 20|03|2023;6925.4
07:45 20|03|2023;6925.4
07:50 20|03|2023;6925.4
07:55 20|03|2023;6925.4
08:00 20|03|2023;6925.4
08:05 20|03|2023;
08:10 20|03|2023;
08:15 20|03|2023;
08:20 20|03|2023;
08:25 20|03|2023;
08:30 20|03|2023;
08:35 20|03|2023;
08:40 20|03|2023;
08:45 20|03|2023;
08:50 20|03|2023;
08:55 20|03|2023;
09:00 20|03|2023;
09:05 20|03|2023;6925.63
09:10 20|03|2023;6929.41
09:15 20|03|2023;
09:20 20|03|2023;
09:25 20|03|2023;
09:30 20|03|2023;
09:35 20|03|2023;
09:40 20|03|2023;
09:45 20|03|2023;6929.37
09:50 20|03|2023;6938.29
09:55 20|03|2023;6931.74
10:00 20|03|2023;6935.09
10:05 20|03|2023;6936.35
10:10 20|03|2023;6958.11
10:15 20|03|2023;6950.57
10:20 20|03|2023;6945.79
10:25 20|03|2023;6939.07
10:30 20|03|2023;6937.14
10:35 20|03|2023;6937.47
10:40 20|03|2023;6954.52
10:45 20|03|2023;6968.94
10:50 20|03|2023;6978.76
10:55 20|03|2023;6975.62
11:00 20|03|2023;6989.24
11:05 20|03|2023;6981.81
11:10 20|03|2023;6984.42
11:15 20|03|2023;6980.52
11:20 20|03|2023;6976.59
11:25 20|03|2023;6992.52
11:30 20|03|2023;6997.26
11:35 20|03|2023;6989.42
11:40 20|03|2023;6980.06
11:45 20|03|2023;6970.31
11:50 20|03|2023;6973.82
11:55 20|03|2023;6977.05
12:00 20|03|2023;6979.31
12:05 20|03|2023;6978.7
12:10 20|03|2023;6965.21
12:15 20|03|2023;6979.66
12:20 20|03|2023;6975.18
12:25 20|03|2023;6984.22
12:30 20|03|2023;6978.57
12:35 20|03|2023;6980.68
12:40 20|03|2023;6987.15
12:45 20|03|2023;6991.47
12:50 20|03|2023;6993.47
12:55 20|03|2023;7008.21
13:00 20|03|2023;7008.68
13:05 20|03|2023;7008.84
13:10 20|03|2023;7006.64
13:15 20|03|2023;7006.15
13:20 20|03|2023;7004.87
13:25 20|03|2023;6992.06
13:30 20|03|2023;6988.79
13:35 20|03|2023;6985.65
13:40 20|03|2023;6992.64
13:45 20|03|2023;6990.03
13:50 20|03|2023;7000.28
13:55 20|03|2023;7007.55
14:00 20|03|2023;7019.33
14:05 20|03|2023;7020.15
14:10 20|03|2023;7010.45
14:15 20|03|2023;7013.62
14:20 20|03|2023;7004.78
14:25 20|03|2023;7018.98
14:30 20|03|2023;7019.39
14:35 20|03|2023;7022.11
14:40 20|03|2023;7016.4
14:45 20|03|2023;7018.79
14:50 20|03|2023;7026.27
14:55 20|03|2023;7027.37
15:00 20|03|2023;7031.08
15:05 20|03|2023;7043.23
15:10 20|03|2023;7044.28
15:15 20|03|2023;7039.33
15:20 20|03|2023;7034.55
15:25 20|03|2023;7032.76
15:30 20|03|2023;7044.99
15:35 20|03|2023;7040.28
15:40 20|03|2023;7039.53
15:45 20|03|2023;7036.48
15:50 20|03|2023;7042.75
15:55 20|03|2023;7042.45
16:00 20|03|2023;7032.83
16:05 20|03|2023;7031.86
16:10 20|03|2023;7017.53
16:15 20|03|2023;7013.14
16:20 20|03|2023;7013.99
16:25 20|03|2023;7016.57
16:30 20|03|2023;7017.56
16:35 20|03|2023;7018.46
16:40 20|03|2023;7013.14
16:45 20|03|2023;7013.14
16:50 20|03|2023;7013.14
16:55 20|03|2023;7013.14
17:00 20|03|2023;7013.14
17:05 20|03|2023;7013.14
17:10 20|03|2023;7013.14
17:15 20|03|2023;7013.14
17:20 20|03|2023;7013.14
17:25 20|03|2023;7013.14
17:30 20|03|2023;7013.14
17:35 20|03|2023;7013.14
17:40 20|03|2023;7013.14
17:45 20|03|2023;7013.14
17:50 20|03|2023;7013.14
17:55 20|03|2023;7013.14
18:00 20|03|2023;7013.14
18:05 20|03|2023;7013.14
18:10 20|03|2023;7013.14
18:15 20|03|2023;7013.14
18:20 20|03|2023;7013.14
18:25 20|03|2023;7013.14
18:30 20|03|2023;7013.14
18:35 20|03|2023;7013.14
18:40 20|03|2023;7013.14
18:45 20|03|2023;7013.14
18:50 20|03|2023;7013.14
18:55 20|03|2023;7013.14
19:00 20|03|2023;7013.14
19:05 20|03|2023;7013.14
19:10 20|03|2023;7013.14
19:15 20|03|2023;7013.14
19:20 20|03|2023;7013.14
19:25 20|03|2023;7013.14
19:30 20|03|2023;7013.14
19:35 20|03|2023;7013.14
19:40 20|03|2023;7013.14
19:45 20|03|2023;7013.14
19:50 20|03|2023;7013.14
19:55 20|03|2023;7013.14
20:00 20|03|2023;7013.14
20:05 20|03|2023;7013.14
20:10 20|03|2023;7013.14
20:15 20|03|2023;7013.14
20:20 20|03|2023;7013.14
20:25 20|03|2023;7013.14
20:30 20|03|2023;7013.14
20:35 20|03|2023;7013.14
20:40 20|03|2023;7013.14
20:45 20|03|2023;7013.14
20:50 20|03|2023;7013.14
20:55 20|03|2023;7013.14
21:00 20|03|2023;7013.14
21:05 20|03|2023;7013.14
21:10 20|03|2023;7013.14
21:15 20|03|2023;7013.14
21:20 20|03|2023;7013.14
21:25 20|03|2023;7013.14
21:30 20|03|2023;7013.14
21:35 20|03|2023;7013.14
21:40 20|03|2023;7013.14
21:45 20|03|2023;7013.14
21:50 20|03|2023;7013.14
21:55 20|03|2023;7013.14
22:00 20|03|2023;7013.14
22:05 20|03|2023;7013.14
22:10 20|03|2023;7013.14
22:15 20|03|2023;7013.14
22:20 20|03|2023;7013.14
22:25 20|03|2023;7013.14
22:30 20|03|2023;7013.14
22:35 20|03|2023;7013.14
22:40 20|03|2023;7013.14
22:45 20|03|2023;7013.14
22:50 20|03|2023;7013.14
22:55 20|03|2023;7013.14
23:00 20|03|2023;7013.14
23:05 20|03|2023;7013.14
23:10 20|03|2023;7013.14
23:15 20|03|2023;7013.14
23:20 20|03|2023;7013.14
23:25 20|03|2023;7013.14
23:30 20|03|2023;7013.14
23:35 20|03|2023;7013.14
23:40 20|03|2023;7013.14
23:45 20|03|2023;7013.14
23:50 20|03|2023;7013.14
23:55 20|03|2023;7013.14
00:00 21|03|2023;7013.14
00:05 21|03|2023;7013.14
00:10 21|03|2023;7013.14
00:15 21|03|2023;7013.14
00:20 21|03|2023;7013.14
00:25 21|03|2023;7013.14
00:30 21|03|2023;7013.14
00:35 21|03|2023;7013.14
00:40 21|03|2023;7013.14
00:45 21|03|2023;7013.14
00:50 21|03|2023;7013.14
00:55 21|03|2023;7013.14
01:00 21|03|2023;7013.14
01:05 21|03|2023;7013.14
01:10 21|03|2023;7013.14
01:15 21|03|2023;7013.14
01:20 21|03|2023;7013.14
01:25 21|03|2023;7013.14
01:30 21|03|2023;7013.14
01:35 21|03|2023;7013.14
01:40 21|03|2023;7013.14
01:45 21|03|2023;7013.14
01:50 21|03|2023;7013.14
01:55 21|03|2023;7013.14
02:00 21|03|2023;7013.14
02:05 21|03|2023;7013.14
02:10 21|03|2023;7013.14
02:15 21|03|2023;7013.14
02:20 21|03|2023;7013.14
02:25 21|03|2023;7013.14
02:30 21|03|2023;7013.14
02:35 21|03|2023;7013.14
02:40 21|03|2023;7013.14
02:45 21|03|2023;7013.14
02:50 21|03|2023;7013.14
02:55 21|03|2023;7013.14
03:00 21|03|2023;7013.14
03:05 21|03|2023;7013.14
03:10 21|03|2023;7013.14
03:15 21|03|2023;7013.14
03:20 21|03|2023;7013.14
03:25 21|03|2023;7013.14
03:30 21|03|2023;7013.14
03:35 21|03|2023;7013.14
03:40 21|03|2023;7013.14
03:45 21|03|2023;7013.14
03:50 21|03|2023;7013.14
03:55 21|03|2023;7013.14
04:00 21|03|2023;7013.14
04:05 21|03|2023;7013.14
04:10 21|03|2023;7013.14
04:15 21|03|2023;7013.14
04:20 21|03|2023;7013.14
04:25 21|03|2023;7013.14
04:30 21|03|2023;7013.14
04:35 21|03|2023;7013.14
04:40 21|03|2023;7013.14
04:45 21|03|2023;7013.14
04:50 21|03|2023;7013.14
04:55 21|03|2023;7013.14
05:00 21|03|2023;7013.14
05:05 21|03|2023;7013.14
05:10 21|03|2023;7013.14
05:15 21|03|2023;7013.14
05:20 21|03|2023;7013.14
05:25 21|03|2023;7013.14
05:30 21|03|2023;7013.14
05:35 21|03|2023;7013.14
05:40 21|03|2023;7013.14
05:45 21|03|2023;7013.14
05:50 21|03|2023;7013.14
05:55 21|03|2023;7013.14
06:00 21|03|2023;7013.14
06:05 21|03|2023;7013.14
06:10 21|03|2023;7013.14
06:15 21|03|2023;7013.14
06:20 21|03|2023;7013.14
06:25 21|03|2023;7013.14
06:30 21|03|2023;7013.14
06:35 21|03|2023;7013.14
06:40 21|03|2023;7013.14
06:45 21|03|2023;7013.14
06:50 21|03|2023;7013.14
06:55 21|03|2023;7013.14
07:00 21|03|2023;7013.14
07:05 21|03|2023;7013.14
07:10 21|03|2023;7013.14
07:15 21|03|2023;7013.14
07:20 21|03|2023;7013.14
07:25 21|03|2023;7013.14
07:30 21|03|2023;7013.14
07:35 21|03|2023;7013.14
07:40 21|03|2023;7013.14
07:45 21|03|2023;7013.14
07:50 21|03|2023;7013.14
07:55 21|03|2023;7013.14
08:00 21|03|2023;7013.14
08:05 21|03|2023;7092.44
08:10 21|03|2023;7096.8
08:15 21|03|2023;7093.06
08:20 21|03|2023;7110.03
08:25 21|03|2023;7108.44
08:30 21|03|2023;7114.87
08:35 21|03|2023;7109.74
08:40 21|03|2023;7101.71
08:45 21|03|2023;7093.04
08:50 21|03|2023;7100.57
08:55 21|03|2023;7109.55
09:00 21|03|2023;7108.57
09:05 21|03|2023;7101.69
09:10 21|03|2023;7106.08
09:15 21|03|2023;7113.36
09:20 21|03|2023;7118.17
09:25 21|03|2023;7111.66
09:30 21|03|2023;7113.71
09:35 21|03|2023;7114.28
09:40 21|03|2023;7114.4
09:45 21|03|2023;7117.54
09:50 21|03|2023;7118.91
09:55 21|03|2023;7126.39
10:00 21|03|2023;7132.05
10:05 21|03|2023;7131.16
10:10 21|03|2023;7133.15
10:15 21|03|2023;7129.54
10:20 21|03|2023;7130.64
10:25 21|03|2023;7130.99
10:30 21|03|2023;7134.87
10:35 21|03|2023;7130.05
10:40 21|03|2023;7134.05
10:45 21|03|2023;7134.8
10:50 21|03|2023;7128.05
10:55 21|03|2023;7129.63
11:00 21|03|2023;7128.31
11:05 21|03|2023;7126.22
11:10 21|03|2023;7127.02
11:15 21|03|2023;7124.34
11:20 21|03|2023;7118.75
11:25 21|03|2023;7126.7
11:30 21|03|2023;7129.36
11:35 21|03|2023;7119.74
11:40 21|03|2023;7118.14
11:45 21|03|2023;7120.53
11:50 21|03|2023;7121.08
11:55 21|03|2023;7131.02
12:00 21|03|2023;7128.24
12:05 21|03|2023;7131.95
12:10 21|03|2023;7135.23
12:15 21|03|2023;7130.21
12:20 21|03|2023;7128.55
12:25 21|03|2023;7132.1
12:30 21|03|2023;7133.99
12:35 21|03|2023;7131.73
12:40 21|03|2023;7137.09
12:45 21|03|2023;7138.8
12:50 21|03|2023;7140.28
12:55 21|03|2023;7143.14
13:00 21|03|2023;7134.45
13:05 21|03|2023;7138.47
13:10 21|03|2023;7139
13:15 21|03|2023;7140.85
13:20 21|03|2023;7137.37
13:25 21|03|2023;7135.23
13:30 21|03|2023;7138.53
13:35 21|03|2023;7140.45
13:40 21|03|2023;7139.19
13:45 21|03|2023;7137.15
13:50 21|03|2023;7135.6
13:55 21|03|2023;7138.08
14:00 21|03|2023;7142.33
14:05 21|03|2023;7142.36
14:10 21|03|2023;7139.91
14:15 21|03|2023;7134.99
14:20 21|03|2023;7119.24
14:25 21|03|2023;7113.28
14:30 21|03|2023;7116.11
14:35 21|03|2023;7116.36
14:40 21|03|2023;7121.82
14:45 21|03|2023;7119.91
14:50 21|03|2023;7129.62
14:55 21|03|2023;7114.27
15:00 21|03|2023;7113.93
15:05 21|03|2023;7114.93
15:10 21|03|2023;7113.92
15:15 21|03|2023;7122.73
15:20 21|03|2023;7115.9
15:25 21|03|2023;7117.49
15:30 21|03|2023;7113.5
15:35 21|03|2023;7118.18
15:40 21|03|2023;7110.49
15:45 21|03|2023;7103.74
15:50 21|03|2023;7105.89
15:55 21|03|2023;7111.79
16:00 21|03|2023;7111.05
16:05 21|03|2023;7112.82
16:10 21|03|2023;7115.19
16:15 21|03|2023;7118.53
16:20 21|03|2023;7119.13
16:25 21|03|2023;7117.89
16:30 21|03|2023;7118.8
16:35 21|03|2023;7117
16:40 21|03|2023;7112.91
16:45 21|03|2023;7112.91
16:50 21|03|2023;7112.91
16:55 21|03|2023;7112.91
17:00 21|03|2023;7112.91
17:05 21|03|2023;7112.91
17:10 21|03|2023;7112.91
17:15 21|03|2023;7112.91
17:20 21|03|2023;7112.91
17:25 21|03|2023;7112.91
17:30 21|03|2023;7112.91
17:35 21|03|2023;7112.91
17:40 21|03|2023;7112.91
17:45 21|03|2023;7112.91
17:50 21|03|2023;7112.91
17:55 21|03|2023;7112.91
18:00 21|03|2023;7112.91
18:05 21|03|2023;7112.91
18:10 21|03|2023;7112.91
18:15 21|03|2023;7112.91
18:20 21|03|2023;7112.91
18:25 21|03|2023;7112.91
18:30 21|03|2023;7112.91
18:35 21|03|2023;7112.91
18:40 21|03|2023;7112.91
18:45 21|03|2023;7112.91
18:50 21|03|2023;7112.91
18:55 21|03|2023;7112.91
19:00 21|03|2023;7112.91
19:05 21|03|2023;7112.91
19:10 21|03|2023;7112.91
19:15 21|03|2023;7112.91
19:20 21|03|2023;7112.91
19:25 21|03|2023;7112.91
19:30 21|03|2023;7112.91
19:35 21|03|2023;7112.91
19:40 21|03|2023;7112.91
19:45 21|03|2023;7112.91
19:50 21|03|2023;7112.91
19:55 21|03|2023;7112.91
20:00 21|03|2023;7112.91
20:05 21|03|2023;7112.91
20:10 21|03|2023;7112.91
20:15 21|03|2023;7112.91
20:20 21|03|2023;7112.91
20:25 21|03|2023;7112.91
20:30 21|03|2023;7112.91
20:35 21|03|2023;7112.91
20:40 21|03|2023;7112.91
20:45 21|03|2023;7112.91
20:50 21|03|2023;7112.91
20:55 21|03|2023;7112.91
21:00 21|03|2023;7112.91
21:05 21|03|2023;7112.91
21:10 21|03|2023;7112.91
21:15 21|03|2023;7112.91
21:20 21|03|2023;7112.91
21:25 21|03|2023;7112.91
21:30 21|03|2023;7112.91
21:35 21|03|2023;7112.91
21:40 21|03|2023;7112.91
21:45 21|03|2023;7112.91
21:50 21|03|2023;7112.91
21:55 21|03|2023;7112.91
22:00 21|03|2023;7112.91
22:05 21|03|2023;7112.91
22:10 21|03|2023;7112.91
22:15 21|03|2023;7112.91
22:20 21|03|2023;7112.91
22:25 21|03|2023;7112.91
22:30 21|03|2023;7112.91
22:35 21|03|2023;7112.91
22:40 21|03|2023;7112.91
22:45 21|03|2023;7112.91
22:50 21|03|2023;7112.91
22:55 21|03|2023;7112.91
23:00 21|03|2023;7112.91
23:05 21|03|2023;7112.91
23:10 21|03|2023;7112.91
23:15 21|03|2023;7112.91
23:20 21|03|2023;7112.91
23:25 21|03|2023;7112.91
23:30 21|03|2023;7112.91
23:35 21|03|2023;7112.91
23:40 21|03|2023;7112.91
23:45 21|03|2023;7112.91
23:50 21|03|2023;7112.91
23:55 21|03|2023;7112.91
00:00 22|03|2023;7112.91
00:05 22|03|2023;7112.91
00:10 22|03|2023;7112.91
00:15 22|03|2023;7112.91
00:20 22|03|2023;7112.91
00:25 22|03|2023;7112.91
00:30 22|03|2023;7112.91
00:35 22|03|2023;7112.91
00:40 22|03|2023;7112.91
00:45 22|03|2023;7112.91
00:50 22|03|2023;7112.91
00:55 22|03|2023;7112.91
01:00 22|03|2023;7112.91
01:05 22|03|2023;7112.91
01:10 22|03|2023;7112.91
01:15 22|03|2023;7112.91
01:20 22|03|2023;7112.91
01:25 22|03|2023;7112.91
01:30 22|03|2023;7112.91
01:35 22|03|2023;7112.91
01:40 22|03|2023;7112.91
01:45 22|03|2023;7112.91
01:50 22|03|2023;7112.91
01:55 22|03|2023;7112.91
02:00 22|03|2023;7112.91
02:05 22|03|2023;7112.91
02:10 22|03|2023;7112.91
02:15 22|03|2023;7112.91
02:20 22|03|2023;7112.91
02:25 22|03|2023;7112.91
02:30 22|03|2023;7112.91
02:35 22|03|2023;7112.91
02:40 22|03|2023;7112.91
02:45 22|03|2023;7112.91
02:50 22|03|2023;7112.91
02:55 22|03|2023;7112.91
03:00 22|03|2023;7112.91
03:05 22|03|2023;7112.91
03:10 22|03|2023;7112.91
03:15 22|03|2023;7112.91
03:20 22|03|2023;7112.91
03:25 22|03|2023;7112.91
03:30 22|03|2023;7112.91
03:35 22|03|2023;7112.91
03:40 22|03|2023;7112.91
03:45 22|03|2023;7112.91
03:50 22|03|2023;7112.91
03:55 22|03|2023;7112.91
04:00 22|03|2023;7112.91
04:05 22|03|2023;7112.91
04:10 22|03|2023;7112.91
04:15 22|03|2023;7112.91
04:20 22|03|2023;7112.91
04:25 22|03|2023;7112.91
04:30 22|03|2023;7112.91
04:35 22|03|2023;7112.91
04:40 22|03|2023;7112.91
04:45 22|03|2023;7112.91
04:50 22|03|2023;7112.91
04:55 22|03|2023;7112.91
05:00 22|03|2023;7112.91
05:05 22|03|2023;7112.91
05:10 22|03|2023;7112.91
05:15 22|03|2023;7112.91
05:20 22|03|2023;7112.91
05:25 22|03|2023;7112.91
05:30 22|03|2023;7112.91
05:35 22|03|2023;7112.91
05:40 22|03|2023;7112.91
05:45 22|03|2023;7112.91
05:50 22|03|2023;7112.91
05:55 22|03|2023;7112.91
06:00 22|03|2023;7112.91
06:05 22|03|2023;7112.91
06:10 22|03|2023;7112.91
06:15 22|03|2023;7112.91
06:20 22|03|2023;7112.91
06:25 22|03|2023;7112.91
06:30 22|03|2023;7112.91
06:35 22|03|2023;7112.91
06:40 22|03|2023;7112.91
06:45 22|03|2023;7112.91
06:50 22|03|2023;7112.91
06:55 22|03|2023;7112.91
07:00 22|03|2023;7112.91
07:05 22|03|2023;7112.91
07:10 22|03|2023;7112.91
07:15 22|03|2023;7112.91
07:20 22|03|2023;7112.91
07:25 22|03|2023;7112.91
07:30 22|03|2023;7112.91
07:35 22|03|2023;7112.91
07:40 22|03|2023;7112.91
07:45 22|03|2023;7112.91
07:50 22|03|2023;7112.91
07:55 22|03|2023;7112.91
08:00 22|03|2023;7112.91
08:05 22|03|2023;
08:10 22|03|2023;
08:15 22|03|2023;
08:20 22|03|2023;
08:25 22|03|2023;
08:30 22|03|2023;
08:35 22|03|2023;
08:40 22|03|2023;
08:45 22|03|2023;
08:50 22|03|2023;
08:55 22|03|2023;
09:00 22|03|2023;
09:05 22|03|2023;
09:10 22|03|2023;
09:15 22|03|2023;
09:20 22|03|2023;
09:25 22|03|2023;
09:30 22|03|2023;7117.73
09:35 22|03|2023;7112.95
09:40 22|03|2023;7121.38
09:45 22|03|2023;7125.5
09:50 22|03|2023;7125.59
09:55 22|03|2023;7121.49
10:00 22|03|2023;7122.17
10:05 22|03|2023;7120.78
10:10 22|03|2023;7117.63
10:15 22|03|2023;7119.12
10:20 22|03|2023;7124.72
10:25 22|03|2023;7127.8
10:30 22|03|2023;7132.52
10:35 22|03|2023;7130.9
10:40 22|03|2023;7131.54
10:45 22|03|2023;7131.62
10:50 22|03|2023;7134.2
10:55 22|03|2023;7140.71
11:00 22|03|2023;7135.45
11:05 22|03|2023;7134.8
11:10 22|03|2023;7135.81
11:15 22|03|2023;7141.61
11:20 22|03|2023;7143.13
11:25 22|03|2023;7140.9
11:30 22|03|2023;7137.82
11:35 22|03|2023;7135.89
11:40 22|03|2023;7136.65
11:45 22|03|2023;7134.88
11:50 22|03|2023;7131.6
11:55 22|03|2023;7132.11
12:00 22|03|2023;7134.09
12:05 22|03|2023;7140.4
12:10 22|03|2023;7139.53
12:15 22|03|2023;7135.71
12:20 22|03|2023;7137.01
12:25 22|03|2023;7134.74
12:30 22|03|2023;7136.55
12:35 22|03|2023;7138.13
12:40 22|03|2023;7138.04
12:45 22|03|2023;7139.46
12:50 22|03|2023;7137.41
12:55 22|03|2023;7144.1
13:00 22|03|2023;7141.12
13:05 22|03|2023;7140.28
13:10 22|03|2023;7137.94
13:15 22|03|2023;7144.7
13:20 22|03|2023;7144.63
13:25 22|03|2023;7138.06
13:30 22|03|2023;7138.63
13:35 22|03|2023;7127.8
13:40 22|03|2023;7136.64
13:45 22|03|2023;7137.94
13:50 22|03|2023;7139.8
13:55 22|03|2023;7139.7
14:00 22|03|2023;7146.47
14:05 22|03|2023;7146.68
14:10 22|03|2023;7150.67
14:15 22|03|2023;7147.62
14:20 22|03|2023;7149.66
14:25 22|03|2023;7151.24
14:30 22|03|2023;7155.44
14:35 22|03|2023;7156.15
14:40 22|03|2023;7153.74
14:45 22|03|2023;7154.58
14:50 22|03|2023;7153.71
14:55 22|03|2023;7154.53
15:00 22|03|2023;7150.23
15:05 22|03|2023;7146.51
15:10 22|03|2023;7143.54
15:15 22|03|2023;7140.18
15:20 22|03|2023;7134.85
15:25 22|03|2023;7140.72
15:30 22|03|2023;7136.71
15:35 22|03|2023;7136.16
15:40 22|03|2023;7138.77
15:45 22|03|2023;7134.56
15:50 22|03|2023;7133.06
15:55 22|03|2023;7136.14
16:00 22|03|2023;7131.19
16:05 22|03|2023;7127.05
16:10 22|03|2023;7125.25
16:15 22|03|2023;7126.31
16:20 22|03|2023;7126.66
16:25 22|03|2023;7130.62
16:30 22|03|2023;7131.97
16:35 22|03|2023;7130.6
16:40 22|03|2023;7131.12
16:45 22|03|2023;7131.12
16:50 22|03|2023;7131.12
16:55 22|03|2023;7131.12
17:00 22|03|2023;7131.12
17:05 22|03|2023;7131.12
17:10 22|03|2023;7131.12
17:15 22|03|2023;7131.12
17:20 22|03|2023;7131.12
17:25 22|03|2023;7131.12
17:30 22|03|2023;7131.12
17:35 22|03|2023;7131.12
17:40 22|03|2023;7131.12
17:45 22|03|2023;7131.12
17:50 22|03|2023;7131.12
17:55 22|03|2023;7131.12
18:00 22|03|2023;7131.12
18:05 22|03|2023;7131.12
18:10 22|03|2023;7131.12
18:15 22|03|2023;7131.12
18:20 22|03|2023;7131.12
18:25 22|03|2023;7131.12
18:30 22|03|2023;7131.12
18:35 22|03|2023;7131.12
18:40 22|03|2023;7131.12
18:45 22|03|2023;7131.12
18:50 22|03|2023;7131.12
18:55 22|03|2023;7131.12
19:00 22|03|2023;7131.12
19:05 22|03|2023;7131.12
19:10 22|03|2023;7131.12
19:15 22|03|2023;7131.12
19:20 22|03|2023;7131.12
19:25 22|03|2023;7131.12
19:30 22|03|2023;7131.12
19:35 22|03|2023;7131.12
19:40 22|03|2023;7131.12
19:45 22|03|2023;7131.12
19:50 22|03|2023;7131.12
19:55 22|03|2023;7131.12
20:00 22|03|2023;7131.12
20:05 22|03|2023;7131.12
20:10 22|03|2023;7131.12
20:15 22|03|2023;7131.12
20:20 22|03|2023;7131.12
20:25 22|03|2023;7131.12
20:30 22|03|2023;7131.12
20:35 22|03|2023;7131.12
20:40 22|03|2023;7131.12
20:45 22|03|2023;7131.12
20:50 22|03|2023;7131.12
20:55 22|03|2023;7131.12
21:00 22|03|2023;7131.12
21:05 22|03|2023;7131.12
21:10 22|03|2023;7131.12
21:15 22|03|2023;7131.12
21:20 22|03|2023;7131.12
21:25 22|03|2023;7131.12
21:30 22|03|2023;7131.12
21:35 22|03|2023;7131.12
21:40 22|03|2023;7131.12
21:45 22|03|2023;7131.12
21:50 22|03|2023;7131.12
21:55 22|03|2023;7131.12
22:00 22|03|2023;7131.12
22:05 22|03|2023;7131.12
22:10 22|03|2023;7131.12
22:15 22|03|2023;7131.12
22:20 22|03|2023;7131.12
22:25 22|03|2023;7131.12
22:30 22|03|2023;7131.12
22:35 22|03|2023;7131.12
22:40 22|03|2023;7131.12
22:45 22|03|2023;7131.12
22:50 22|03|2023;7131.12
22:55 22|03|2023;7131.12
23:00 22|03|2023;7131.12
23:05 22|03|2023;7131.12
23:10 22|03|2023;7131.12
23:15 22|03|2023;7131.12
23:20 22|03|2023;7131.12
23:25 22|03|2023;7131.12
23:30 22|03|2023;7131.12
23:35 22|03|2023;7131.12
23:40 22|03|2023;7131.12
23:45 22|03|2023;7131.12
23:50 22|03|2023;7131.12
23:55 22|03|2023;7131.12
00:00 23|03|2023;7131.12
00:05 23|03|2023;7131.12
00:10 23|03|2023;7131.12
00:15 23|03|2023;7131.12
00:20 23|03|2023;7131.12
00:25 23|03|2023;7131.12
00:30 23|03|2023;7131.12
00:35 23|03|2023;7131.12
00:40 23|03|2023;7131.12
00:45 23|03|2023;7131.12
00:50 23|03|2023;7131.12
00:55 23|03|2023;7131.12
01:00 23|03|2023;7131.12
01:05 23|03|2023;7131.12
01:10 23|03|2023;7131.12
01:15 23|03|2023;7131.12
01:20 23|03|2023;7131.12
01:25 23|03|2023;7131.12
01:30 23|03|2023;7131.12
01:35 23|03|2023;7131.12
01:40 23|03|2023;7131.12
01:45 23|03|2023;7131.12
01:50 23|03|2023;7131.12
01:55 23|03|2023;7131.12
02:00 23|03|2023;7131.12
02:05 23|03|2023;7131.12
02:10 23|03|2023;7131.12
02:15 23|03|2023;7131.12
02:20 23|03|2023;7131.12
02:25 23|03|2023;7131.12
02:30 23|03|2023;7131.12
02:35 23|03|2023;7131.12
02:40 23|03|2023;7131.12
02:45 23|03|2023;7131.12
02:50 23|03|2023;7131.12
02:55 23|03|2023;7131.12
03:00 23|03|2023;7131.12
03:05 23|03|2023;7131.12
03:10 23|03|2023;7131.12
03:15 23|03|2023;7131.12
03:20 23|03|2023;7131.12
03:25 23|03|2023;7131.12
03:30 23|03|2023;7131.12
03:35 23|03|2023;7131.12
03:40 23|03|2023;7131.12
03:45 23|03|2023;7131.12
03:50 23|03|2023;7131.12
03:55 23|03|2023;7131.12
04:00 23|03|2023;7131.12
04:05 23|03|2023;7131.12
04:10 23|03|2023;7131.12
04:15 23|03|2023;7131.12
04:20 23|03|2023;7131.12
04:25 23|03|2023;7131.12
04:30 23|03|2023;7131.12
04:35 23|03|2023;7131.12
04:40 23|03|2023;7131.12
04:45 23|03|2023;7131.12
04:50 23|03|2023;7131.12
04:55 23|03|2023;7131.12
05:00 23|03|2023;7131.12
05:05 23|03|2023;7131.12
05:10 23|03|2023;7131.12
05:15 23|03|2023;7131.12
05:20 23|03|2023;7131.12
05:25 23|03|2023;7131.12
05:30 23|03|2023;7131.12
05:35 23|03|2023;7131.12
05:40 23|03|2023;7131.12
05:45 23|03|2023;7131.12
05:50 23|03|2023;7131.12
05:55 23|03|2023;7131.12
06:00 23|03|2023;7131.12
06:05 23|03|2023;7131.12
06:10 23|03|2023;7131.12
06:15 23|03|2023;7131.12
06:20 23|03|2023;7131.12
06:25 23|03|2023;7131.12
06:30 23|03|2023;7131.12
06:35 23|03|2023;7131.12
06:40 23|03|2023;7131.12
06:45 23|03|2023;7131.12
06:50 23|03|2023;7131.12
06:55 23|03|2023;7131.12
07:00 23|03|2023;7131.12
07:05 23|03|2023;7131.12
07:10 23|03|2023;7131.12
07:15 23|03|2023;7131.12
07:20 23|03|2023;7131.12
07:25 23|03|2023;7131.12
07:30 23|03|2023;7131.12
07:35 23|03|2023;7131.12
07:40 23|03|2023;7131.12
07:45 23|03|2023;7131.12
07:50 23|03|2023;7131.12
07:55 23|03|2023;7131.12
08:00 23|03|2023;7131.12
08:05 23|03|2023;
08:10 23|03|2023;7136.04
08:15 23|03|2023;
08:20 23|03|2023;
08:25 23|03|2023;
08:30 23|03|2023;
08:35 23|03|2023;
08:40 23|03|2023;
08:45 23|03|2023;
08:50 23|03|2023;7132.51
08:55 23|03|2023;7139.83
09:00 23|03|2023;7136.44
09:05 23|03|2023;
09:10 23|03|2023;
09:15 23|03|2023;
09:20 23|03|2023;
09:25 23|03|2023;
09:30 23|03|2023;
09:35 23|03|2023;
09:40 23|03|2023;
09:45 23|03|2023;
09:50 23|03|2023;
09:55 23|03|2023;
10:00 23|03|2023;
10:05 23|03|2023;
10:10 23|03|2023;
10:15 23|03|2023;
10:20 23|03|2023;
10:25 23|03|2023;
10:30 23|03|2023;
10:35 23|03|2023;
10:40 23|03|2023;
10:45 23|03|2023;
10:50 23|03|2023;
10:55 23|03|2023;
11:00 23|03|2023;
11:05 23|03|2023;
11:10 23|03|2023;
11:15 23|03|2023;
11:20 23|03|2023;
11:25 23|03|2023;
